0,转账手续费
1,银行卡遗失怎么办
2,银行卡遗失怎么办
3,什么是滞纳金
4,什么是滞纳金
5,什么是到期还款日
6,什么是到期还款日
7,信用卡有哪些优势
8,信用卡有哪些优势
9,信用卡有哪些优势
10,信用卡有哪些分类
11,信用卡有哪些分类
12,信用报告
13,信用报告
14,信用报告
15,信用卡年费
16,信用卡年费
17,信用卡年费
18,信用卡最低还款额
19,信用卡最低还款额
20,信用卡最低还款额
21,信用卡额度
22,信用卡额度
23,信用卡分期
24,信用卡分期
25,信用卡取现
26,信用卡取现
27,查询信用卡还款日
28,查询信用卡还款日
29,查询信用卡还款日
30,信用卡账单日
31,建行贵宾卡有哪几种类
32,建行贵宾卡有哪几种类
33,建行贵宾卡有哪几种类
34,如何保管银行卡
35,如何保管银行卡
36,如何保管银行卡
37,信用卡什么时间起源于哪个国家
38,信用卡什么时间起源于哪个国家
39,信用卡什么时间起源于哪个国家
40,什么是基金定投
41,什么是基金定投
42,什么是基金定投
43,开放式基金的分类？
44,开放式基金的分类？
45,开放式基金的分类？
46,什么是基金
47,什么是基金
48,什么是基金
49,电子银行包括哪些种类
50,电子银行包括哪些种类
51,银行卡被吞怎么办
52,银行卡被吞怎么办
53,银行卡被吞怎么办
54,中国建设银行异地转账手续费
55,中国建设银行异地转账手续费
56,中国建设银行异地跨行转账手续费
57,中国建设银行异地跨行转账手续费
58,中国建设银行异地存款手续费
59,中国建设银行异地存款手续费
60,中国建设银行转账手续费
61,中国建设银行转账手续费
62,中国建设银行异地跨行取款手续费
63,中国建设银行异地跨行取款手续费
64,中国建设银行异地跨行取款手续费
65,中国建设银行跨行取款手续费
66,中国建设银行跨行取款手续费
67,中国建设银行异地取款手续费
68,中国建设银行异地取款手续费
69,中国建设银行异地取款手续费
70,怎么申请支票
71,怎么申请支票
72,怎么申请支票
73,什么是银行回单
74,什么是银行回单
75,什么是银行回单
76,银行本票
77,什么是银行券
78,什么是银行券
79,什么是银行券
80,现金支票
81,转账支票
82,转账支票
83,信用卡地址不对收不到对帐单
84,信用卡地址不对收不到对帐单
85,银行支票
86,中国建设银行成立时间
87,中国建设银行成立时间
88,中国建设银行成立时间
89,中国建设银行的英文简称是什么
90,中国建设银行的英文简称是什么
91,中国建设银行的英文简称是什么
92,怎么办理粤通卡
93,怎么办理粤通卡
94,粤通借记卡充值
95,粤通借记卡充值
96,粤通借记卡充值
97,粤通卡过高速没有短信提醒
98,粤通卡过高速没有短信提醒
99,粤通卡过高速没有短信提醒
100,粤通卡还有什么功能
101,粤通卡还有什么功能
102,什么是约定还款
103,什么是约定还款
104,什么是约定还款
105,如何办理约定还款
106,如何办理约定还款
107,如何办理约定还款
108,约定还款余额不足
109,约定还款余额不足
110,约定还款余额不足
111,信用卡境内取现手续费
112,信用卡境内取现手续费
113,信用卡境内取现手续费
114,信用卡境外取现手续费
115,信用卡境外取现手续费
116,信用卡境外取现手续费
117,信用卡境内消费手续费
118,信用卡境内消费手续费
119,信用卡境内消费手续费
120,信用卡境外消费手续费
121,信用卡境外消费手续费
122,信用卡可以取现金吗
123,信用卡可以取现金吗
124,信用卡可以取现金吗
125,信用卡办卡条件
126,信用卡办卡条件
127,信用卡办卡条件
128,信用卡什么时候还款
129,信用卡什么时候还款
130,信用卡怎么还款
131,信用卡怎么还款
132,信用卡怎么还款
133,信用卡激活
134,信用卡激活
135,信用卡激活
136,信用卡资料修改
137,信用卡资料修改
138,信用卡资料修改
139,改信用卡密码
140,改信用卡密码
141,信用卡到期换卡密码
142,信用卡到期换卡密码
143,信用卡到期换卡密码
144,信用卡到期怎么办
145,信用卡到期怎么办
146,信用卡到期怎么办
147,建行信用卡取现了怎么还？
148,建行信用卡取现了怎么还？
149,建行信用卡取现了怎么还？
150,提高信用卡额度
151,提高信用卡额度
152,提高信用卡额度
153,信用卡帐单、现金分期手续费
154,信用卡帐单、现金分期手续费
155,申请办理信用卡的基本准入条件是什么
156,买东西刷信用卡要不要收费用
157,买东西刷信用卡要不要收费用
158,买东西刷信用卡要不要收费用
159,如何申请信用卡临时额度
160,如何申请信用卡临时额度
161,如何申请信用卡临时额度
162,如何安全使用信用卡
163,信用卡还款小贴士
164,信用卡还款小贴士
165,信用卡还款小贴士
166,信用卡可以在柜台取款吗
167,信用卡可以在柜台取款吗
168,信用卡可以在柜台取款吗
169,手机银行解绑
170,手机银行解绑
171,手机银行解绑
172,手机银行转账限额
173,手机银行转账限额
174,手机银行转账限额
175,手机银行转账到账时间
176,手机银行转账到账时间
177,手机银行转账到账时间
178,手机银行转账不成功
179,更改预留手机号
180,更改预留手机号
181,更改预留手机号
182,短信无法正常使用
183,短信通知余额提醒
184,短信通知余额提醒
185,如何缴交通罚款
186,如何缴交通罚款
187,中国建设银行微信公众号
188,中国建设银行微信公众号
189,网点名称
190,定期利率查询
191,定期利率查询
192,定期利率查询
193,利率的表现形式和换算
194,利率的表现形式和换算
195,理财产品到期是自动返还吗
196,理财产品到期是自动返还吗
197,理财产品到期是自动返还吗
198,理财产品投资期限
199,理财产品到期怎么取
200,理财产品到期怎么取
201,未成年人开户
202,未成年人开户
203,其它证件开户
204,身份证异常开户
205,身份证异常开户
206,临时身份证可以开户吗
207,临时身份证可以开户吗
208,临时身份证可以开户吗
209,借记卡境内取款手续费
210,借记卡境内取款手续费
211,借记卡境内取款手续费
212,借记卡存款手续费
213,借记卡境外取款手续费
214,储蓄账户开户手续费
215,储蓄账户开户手续费
216,速通电子标签丢失了
217,速通电子标签丢失了
218,是否可以办理建行速通卡注销？怎样办理？
219,是否可以办理建行速通卡注销？怎样办理？
220,储蓄卡开户怎么收费
221,储蓄卡开户怎么收费
222,储蓄卡开户怎么收费
223,我的银行卡密码用不了了
224,我的银行卡密码用不了了
225,我的银行卡密码用不了了
226,如何办理贵宾卡
227,申请贵宾卡多久可以取卡
228,申请贵宾卡多久可以取卡
229,建行贵宾卡有哪几种类
230,建行贵宾卡有哪几种类
231,建行贵宾卡有哪几种类
232,建行贵宾卡有哪几种类
233,建行贵宾卡有哪几种类
234,建行贵宾卡有哪几种类
235,建行贵宾卡有哪几种类
236,如何办理建行贵宾卡
237,如何办理建行贵宾卡
238,如何办理建行贵宾卡
239,退休人员提取公积金需要什么材料？
240,退休人员提取公积金需要什么材料？
241,退休人员提取公积金需要什么材料？
242,什么情况可以提取公积金
243,什么情况可以提取公积金
244,怎么查询住房公积金缴存情况？
245,怎么查询住房公积金缴存情况？
246,怎么查询住房公积金缴存情况？
247,遗忘住房公积金联名卡密码
248,遗忘住房公积金联名卡密码
249,遗忘住房公积金联名卡密码
250,住房公积金缴存情况
251,房屋装修能否提取住房公积金
252,房屋装修能否提取住房公积金
253,什么情况下可以提取住房公积金
254,什么情况下可以提取住房公积金
255,公积金贷款首付比例是多少
256,公积金贷款首付比例是多少
257,公积金贷款首付比例是多少
258,电子渠道转账限额
259,电子渠道转账限额
260,单位结算卡如何办理
261,单位结算卡如何办理
262,单位结算卡如何办理
263,单位结算卡密码忘了，怎么办理？
264,单位结算卡密码忘了，怎么办理？
265,单位结算卡密码忘了，怎么办理？
266,单位结算卡怎么挂失
267,单位结算卡怎么挂失
268,单位结算卡怎么挂失
269,单位结算卡是否可以在其他银行柜员机使用？
270,单位结算卡是否可以在其他银行柜员机使用？
271,单位结算卡是否可以在其他银行柜员机使用？
272,单位结算卡在ATM转账时“凭证号码”怎么输入
273,单位结算卡在ATM转账时“凭证号码”怎么输入
274,单位结算卡在ATM转账时“凭证号码”怎么输入
275,什么是银行代销产品
276,什么是银行代销产品
277,什么是银行代销产品
278,大额存单利息
279,大额存单利息
280,大额存单利息
281,大额存单起点金额
282,大额存单起点金额
283,大额存单起点金额
284,开存折要收费吗
285,开存折要收费吗
286,什么是保险产品犹豫期
287,什么是保险产品犹豫期
288,哪些车辆可以办理速通电子标签？
289,储蓄卡挂失
290,储蓄卡挂失
291,储蓄卡挂失
292,办理建行高速ETC有什么好处
293,办理车辆所有权人变更，需携带哪些手续？
294,办理车辆所有权人变更，需携带哪些手续？
295,办理车辆所有权人变更，需携带哪些手续？
296,公积金卡是否可以签约ETC业务？
297,ETC业务是否可以使用外地借记卡或者信用卡、信用卡附属卡签约办理？
298,在建行办理的ETC可以在全国高速路扣费使用么？
299,在建行办理的ETC可以在全国高速路扣费使用么？
300,建行签约绑定账户可以办理几张建行速通卡
301,获赠建行速通卡后，电子标签是否要交纳购置费？
302,获赠建行速通卡后，电子标签是否要交纳购置费？
303,何种情况会造成建行速通卡被停止使用
304,何种情况会造成建行速通卡被停止使用
305,获赠建行速通卡后，电子标签是否要交纳购置费？
306,获赠建行速通卡后，电子标签是否要交纳购置费？
307,获赠建行速通卡后，电子标签是否要交纳购置费？
308,客户可以查询到多长时间的速通卡消费记录
309,什么是建行速通卡
310,建行速通卡停止使用后，在状态恢复正常后多长时间可以正常使用？
311,客户咨询建行速通卡在通过车道时无法正常使用后该如何处理？
312,我的手机不欠费，怎么把我的短信给停用了
313,建行速通卡的各种业务需要通过何种途径办理？
314,建行速通卡相当于储值卡还是记账卡
315,如何打印建行速通卡消费明细
316,如何打印建行速通卡消费明细
317,客户信息如何变更
318,银行速通卡损坏怎么办
319,是否可以办理建行速通卡签约绑定银行账户变更？怎样办理？
320,是否可以办理建行速通卡签约绑定银行账户变更？怎样办理？
321,是否可以办理建行速通卡注销？怎样办理？
322,是否可以办理建行速通卡注销？怎样办理？
323,是否可以办理建行速通卡注销？怎样办理？
324,建行速通卡停止使用后，在状态恢复正常后多长时间可以正常使用？
325,如何打印通行费发票
326,是否可以办理外地车辆ETC业务？
327,是否可以办理外地车辆ETC业务？
328,是否可以办理外地车辆ETC业务？
329,车辆所有权人不变，变更使用车辆需携带哪些手续？
330,车辆所有权人不变，变更使用车辆需携带哪些手续？
331,车辆所有权人不变，变更使用车辆需携带哪些手续？
332,速通卡挂失
333,速通卡挂失
334,速通卡挂失
335,如何查询车辆通行信息
336,如何查询车辆通行信息
337,如何查询车辆通行信息
338,速通卡如何扣费
339,速通卡如何扣费
340,速通卡如何扣费
341,怎样办理速通卡
342,怎样办理速通卡
343,建行“刘艳快线”
344,建行“刘艳快线”
345,建行“刘艳快线”
346,中国人民解放军总医院
347,中国人民解放军总医院
348,中国人民解放军总医院
349,快贷支持与禁止的贷款用途
350,快贷支持与禁止的贷款用途
351,我要办快贷？
352,我要办快贷？
353,快速贷款是真的吗!
354,快速贷款是真的吗!
355,快速贷款是真的吗!
356,建行贵宾卡有哪几种类
357,建行贵宾卡有哪几种类
358,客户同时申请“快贷”快e贷与质押贷，网上可见两个贷款账号，具体哪一个快e贷，哪一个是质押贷？
359,客户同时申请“快贷”快e贷与质押贷，网上可见两个贷款账号，具体哪一个快e贷，哪一个是质押贷？
360,客户同时申请“快贷”快e贷与质押贷，网上可见两个贷款账号，具体哪一个快e贷，哪一个是质押贷？
361,定期存款质押贷签约不成功，报错
362,签约借贷时报错怎么办
363,委托扣款是什么意思呢？
364,委托扣款是什么意思呢？
365,未按时归还快贷逾期利率是多少？
366,未按时归还快贷逾期利率是多少？
367,跨省刷卡是否有限额
368,快贷网上订单退款什么时候到账
369,快贷网上订单退款什么时候到账
370,快贷是否支持转账支付
371,快贷是否支持转账支付
372,贷款额度结清后，贷款账号在网银怎么删除。
373,为什么我申请“快贷”提示不通过？
374,为什么我申请“快贷”提示不通过？
375,贷款期限是多长？
376,贷款期限是多长？
377,贷款期限是多长？
378,请问在线申请贷款时“快贷”和一般贷款有何不同？
379,请问申请贷款时能否追加其他现有房产，以增加“快贷”额度？
380,财私客户快e贷额度降低
381,结算通卡是否可以办理快贷
382,只签约开通手机银行，未签约网银，可以在手机银行申请快贷吗？
383,只签约开通手机银行，未签约网银，可以在手机银行申请快贷吗？
384,客户快贷贷款额度结清后额度立刻恢复
385,客户快贷贷款额度结清后额度立刻恢复
386,如果选择抵押房产的房贷，是否需要到营业网点办理？
387,如果选择抵押房产的房贷，是否需要到营业网点办理？
388,请问我在申请“质押贷”时为何不能同时选择多种质押物？
389,质押贷是否支持外币
390,质押贷是否支持外币
391,定期存单目前是否可以质押
392,定期存单目前是否可以质押
393,信用卡到期换卡密码是一样的吗
394,信用卡到期换卡密码是一样的吗
395,客户在网银签约或解约借贷通时遇到客户信息不完整的报错提示，如何解决？
396,快e贷完成签约流程后，是否仍需进一步签约借贷通？
397,融e贷是否可以办理
398,怎么计算我的还款日
399,怎么计算我的还款日
400,怎么计算我的还款日
401,客户在网银看到的快贷消费时间并未进行贷款消费，希望核实
402,信用卡在哪里激活
403,客户同时申请“快贷”快e贷与质押贷，网上可见两个贷款账号，具体哪一个快e贷，哪一个是质押贷？
404,客户签约借贷通的储蓄卡丢失，已挂失，如何继续使用贷款？
405,客户签约借贷通的储蓄卡丢失，已挂失，如何继续使用贷款？
406,客户签约借贷通的储蓄卡丢失，已挂失，如何继续使用贷款？
407,系统默认优先使用贷款，如何变更消费顺序。
408,随借随还是什么意思
409,随借随还是什么意思
410,随借随还是什么意思
411,车e贷是否需要办理抵押？
412,车e贷使用范围情况？
413,车e贷使用范围情况？
414,车e贷使用范围情况？
415,客户同时申请“快贷”快e贷与质押贷，网上可见两个贷款账号，具体哪一个快e贷，哪一个是质押贷？
416,客户同时申请“快贷”快e贷与质押贷，网上可见两个贷款账号，具体哪一个快e贷，哪一个是质押贷？
417,客户同时申请“快贷”快e贷与质押贷，网上可见两个贷款账号，具体哪一个快e贷，哪一个是质押贷？
418,客户同时申请“快贷”快e贷与质押贷，网上可见两个贷款账号，具体哪一个快e贷，哪一个是质押贷？
419,你行是否能够自助办理贷款？
420,今天国内黄金价格是多少？
421,今天国内黄金价格是多少？
422,今天国内黄金价格是多少？
423,今天国际黄金价格是多少？
424,今天国际黄金价格是多少？
425,今天国际黄金价格是多少？
426,我想看一下黄金
427,买贵金属哪家银行好
428,买贵金属哪家银行好
429,买黄金哪家银行好
430,买黄金哪家银行好
431,今天国际白银价格是多少？
432,今天国际白银价格是多少？
433,今天国际白银价格是多少？
434,今天黄金TD（或T加D）价格是多少？
435,今天黄金TD（或T加D）价格是多少？
436,我想办理保险产品
437,我想办理保险产品
438,我想办理保险产品
439,什么是投资连结保险
440,什么是投资连结保险
441,什么是投资连结保险
442,什么是万能保险
443,什么是分红保险
444,什么是分红保险
445,什么是分红保险
446,我想办理人寿保险
447,我想办理人寿保险
448,我想办理意外保险
449,我想办理意外保险
450,我想办理意外保险
451,我想办理健康保险
452,我想办理健康保险
453,我想办理健康保险
454,我想办理年金保险
455,我想办理年金保险
456,都有什么密码需要设置？
457,都有什么密码需要设置？
458,都有什么密码需要设置？
459,最近有什么信用卡优惠活动
460,最近有什么信用卡优惠活动
461,最近有什么信用卡优惠活动
462,如何办理建行信用卡
463,我想申请优惠
464,信用卡挂失
465,信用卡挂失
466,信用卡挂失
467,我想办理人寿保险
468,我想办理人寿保险
469,我想办理人寿保险
470,只签约开通手机银行，未签约网银，可以在手机银行申请快贷吗？
471,只签约开通手机银行，未签约网银，可以在手机银行申请快贷吗？
472,只签约开通手机银行，未签约网银，可以在手机银行申请快贷吗？
473,建行信用卡怎么还美元？
474,建行信用卡怎么还美元？
475,建行信用卡开通之后不使用会产生什么费用和影响？
476,建行信用卡开通之后不使用会产生什么费用和影响？
477,建行信用卡开通之后不使用会产生什么费用和影响？
478,信用卡积分会清零么？
479,信用卡积分会清零么？
480,信用卡积分会清零么？
481,信用卡到期又重新寄了张，密码是多少
482,信用卡到期又重新寄了张，密码是多少
483,信用卡到期又重新寄了张，密码是多少
484,理财卡的有效期也均为20年么？
485,理财卡的有效期也均为20年么？
486,理财卡的有效期也均为20年么？
487,信用卡怎么修改每日交易额度？
488,信用卡怎么修改每日交易额度？
489,信用卡怎么修改每日交易额度？
490,办理建行信用卡需要什么手续？
491,办理建行信用卡需要什么手续？
492,办理建行信用卡需要什么手续？
493,建行信用卡审批一般需要多久？
494,建行信用卡审批一般需要多久？
495,建行信用卡审批一般需要多久？
496,使用信用卡应该注意什么？
497,使用信用卡应该注意什么？
498,使用信用卡应该注意什么？
499,为什么我的手机银行用不了啊
500,建行信用卡取现了怎么还？
501,建行信用卡取现了怎么还？
502,建行信用卡取现手续费是多少？
503,建行信用卡取现手续费是多少？
504,都有什么密码需要设置？
505,信用卡到期又重新寄了张，密码是多少
506,信用卡到期又重新寄了张，密码是多少
507,信用卡到期又重新寄了张，密码是多少
508,建行信用卡签约和未签约是什么意思？
509,建行信用卡签约和未签约是什么意思？
510,建行信用卡签约和未签约是什么意思？
511,建行贵宾卡有哪几种类
512,建行贵宾卡有哪几种类
513,一个人可以办几张建行信用卡：
514,一个人可以办几张建行信用卡：
515,一个人可以办几张建行信用卡：
516,信用卡收到了怎么用呢
517,信用卡收到了怎么用呢
518,信用卡收到了怎么用呢
519,建行信用卡的免息期是多少天？
520,建行信用卡的免息期是多少天？
521,建行信用卡的免息期是多少天？
522,如何查询建行信用卡余额和透支额度？
523,如何查询建行信用卡余额和透支额度？
524,如何查询建行信用卡余额和透支额度？
525,龙卡挂失后，存折还可以正常使用吗？
526,龙卡挂失后，存折还可以正常使用吗？
527,卡片被自动柜员机吞了怎么办？
528,卡片被自动柜员机吞了怎么办？
529,卡片被自动柜员机吞了怎么办？
530,龙卡通是否具有关联其他账户的功能？
531,龙卡通是否有发卡门槛？
532,龙卡通卡面有没有改变？
533,龙卡通自动转账业务是否指的都是人民币业务？
534,龙卡通是否有唯一性控制（每人只能办理一张龙卡通）？
535,龙卡通是否可以零金额开户？
536,龙卡通可以办理附属卡吗？
537,龙卡通是否支持选号功能？
538,在境外刷卡取现是使用的什么币种？
539,在境外刷卡取现是使用的什么币种？
540,在境外刷卡取现是使用的什么币种？
541,境外用卡消费需要出示身份证件吗？
542,境外用卡消费需要出示身份证件吗？
543,境外用卡消费需要出示身份证件吗？
544,为什么要保留消费单据？
545,为什么要保留消费单据？
546,境外用卡消费需要注意哪些问题？
547,境外用卡消费需要注意哪些问题？
548,境外用卡消费需要注意哪些问题？
549,龙卡通是否可以带存折（卡折并用）？
550,龙卡通自动转账业务是否指的都是人民币业务？
551,龙卡通自动转账业务是否指的都是人民币业务？
552,龙卡通是否具有关联其他账户的功能？
553,龙卡通是否具有关联其他账户的功能？
554,龙卡通是否具有关联其他账户的功能？
555,借记卡如何提供异地紧急现金援助服？
556,办理网银
557,办理网银
558,办理网银
559,我要办卡
560,带银联标识的龙卡在国外取款手续费要怎么收呢
561,带银联标识的龙卡在国外取款手续费要怎么收呢
562,带银联标识的龙卡在国外取款手续费要怎么收呢
563,开储蓄卡要交多少钱
564,我在建行能买天然气吗？
565,我要办业务
566,转账汇款
567,转账汇款
568,如何办理结算通卡
569,如何办理金融卡
570,申请银行贵宾卡
571,申请银行贵宾卡
572,办理VIP卡
573,你们的卡VIP卡这么办
574,挂失
575,建行贵宾卡有哪几种类
576,建行贵宾卡有哪几种类
577,开储蓄卡要交多少钱
578,开储蓄卡要交多少钱
579,开储蓄卡要交多少钱
580,开储蓄卡要交多少钱
581,信用卡到期换卡 
582,什么是建行账户商品
583,什么是龙卡云闪付
584,换卡卡号会变更吗？
585,换卡卡号会变更吗？
586,换卡卡号会变更吗？
587,金融风险
588,民生工程
589,用信用卡在柜员机取款收手续费吗
590,中国建设银行的转型方向是什么
591,理财卡的有效期也均为20年么？
592,建设银行有多少个网点
593,建行好吗？
594,龙卡通个人自助质押贷款的额度是多少？
595,龙卡通个人自助质押贷款的额度是多少？
596,龙卡通个人自助质押贷款的额度是多少？
597,手机线上交易安全吗？
598,买贵金属哪家银行好
599,如何在自助设备上汇款？
600,如何在自助设备上汇款？
601,建行官网是什么地址
602,建行手机官网是什么地址
603,如何安装建行手机银行
604,如何安装建行手机银行
605,如何安装建行手机银行
606,我想办理人寿保险
607,什么是现金管理账单
608,什么是日常管家
609,什么是现金增利
610,定期存款
611,办理公积金需带的证件
612,办理公积金需带的证件
613,什么是资金归集划转
614,什么是账户管理
615,金管家都有哪些功能
616,金管家都有哪些功能
617,金管家都有哪些功能
618,怎样办理银行卡
619,怎样办理银行卡
620,怎样办理银行卡
621,什么是“活期账户还款”？
622,什么是“质押账户还款”？
623,外地卡取款要不要收手续费
624,外地卡取款要不要收手续费
625,外地账号取款要收费吗
626,外地账号取款要收费吗
627,我的外地卡在你们这里取款怎么收费
628,我的外地卡在你们这里取款怎么收费
629,我的外地卡在你们这里取款怎么收费
630,储蓄卡取款收多少手续费
631,建行卡在你们这里取款要收费吗
632,建行卡在你们这里取款要收费吗
633,建行卡在你们这里取款要收费吗
634,外地存折取款要不要收费
635,外地存折取款要不要收费
636,外地存折取款要不要收费
637,在国外用信用卡取款手续费收多少
638,在国外用信用卡取款手续费收多少
639,在国外用信用卡取款手续费收多少
640,我用存折取钱收费用吗
641,建行卡去工行取钱收多少手续费
642,其它银行取款怎么收费
643,其它银行柜员机取款手续费
644,其它银行柜员机取款手续费
645,到农行取款手续费收多少
646,我有张信用卡，取钱要不要收手续费呢
647,我有张信用卡，取钱要不要收手续费呢
648,储蓄卡存款要收费吗
649,我的外地卡在你们这里取款怎么收费
650,外地卡存款要不要收手续费
651,外地卡存款要不要收手续费
652,外地卡存款要不要收手续费
653,我的卡到外地存钱要收手续费吗
654,我的卡到外地存钱要收手续费吗
655,我的卡到外地存钱要收手续费吗
656,家里人存钱到我的卡上要收费吗
657,我有张外地卡在你们这里存钱收费吗
658,我有张外地卡在你们这里存钱收费吗
659,存钱到外地要不要收费
660,银行卡在国外可以取款吗
661,银行卡在国外用手续费
662,银行卡在国外用手续费
663,银行卡在国外用手续费
664,建行卡在国外取款手续费
665,建行卡在国外取款手续费
666,储蓄卡国外取现手续费
667,储蓄卡国外取现手续费
668,储蓄卡国外取现手续费
669,出国用储蓄卡取现手续费怎么收
670,出国用储蓄卡取现手续费怎么收
671,储蓄卡出国取现手续收多少
672,储蓄卡出国取现手续收多少
673,储蓄卡出国取现手续收多少
674,借记卡国外取款手续费
675,借记卡国外取款手续费
676,借记卡出国在ATM机取款手续费怎么收
677,借记卡出国在ATM机取款手续费怎么收
678,龙卡通国外取款手续费
679,龙卡通国外取款手续费
680,龙卡通出国取现手续费
681,带银联标识的龙卡在国外取款手续费要怎么收呢
682,信用卡出国取款手续费
683,信用卡出国取款手续费
684,信用卡取现金手续费
685,信用卡取款要收费用吗
686,信用卡取款要收费用吗
687,用信用卡在柜员机取款收手续费吗
688,我的信用卡，在你们这里取款要不要收费
689,我有张信用卡，取钱要不要收手续费呢
690,透支卡取款手续费
691,透支卡取现金手续费
692,透支卡取现手续费怎么收
693,透支卡取现手续费怎么收
694,透支卡取款费用怎么收
695,龙卡信用卡取款手续费
696,贷记卡取款手续费
697,贷记卡取款手续费
698,信用卡出国取款手续费
699,信用卡在外国取现手续费
700,信用卡在外国取现手续费
701,出国用信用卡取款费用怎么收
702,在国外用信用卡取款手续费收多少
703,在国外用信用卡取款手续费收多少
704,透支卡出国取款手续费
705,透支卡国外取款手续费怎么收
706,透支卡国外取款手续费怎么收
707,贷记卡国外取现手续费
708,贷记卡取款手续费
709,信用卡消费要手续费吗
710,信用卡消费要手续费吗
711,信用卡消费要手续费吗
712,用信用卡刷卡要不要收续费
713,用信用卡刷卡要不要收续费
714,用信用卡刷卡要不要收续费
715,信用卡买东西收费吗
716,买东西刷信用卡要不要收费用
717,买东西刷信用卡要不要收费用
718,用信用卡加油收费吗
719,我外地办的信用卡在这里购物刷卡收费吗
720,我外地办的信用卡在这里购物刷卡收费吗
721,我外地办的信用卡在这里购物刷卡收费吗
722,我在国外查余额怎么收费
723,我有你们卡的信用卡，去国外消费要收手续费吗
724,我有你们卡的信用卡，去国外消费要收手续费吗
725,我有你们卡的信用卡，去国外消费要收手续费吗
726,信用卡国外刷卡手续费
727,信用卡国外刷卡手续费
728,信用卡国外刷卡手续费
729,信用卡出国消费手续费
730,信用卡出国消费手续费
731,我出国旅游，用你们行的信用卡买东西，收费吗
732,境外使用信用卡消费手续费怎么收
733,境外使用信用卡消费手续费怎么收
734,国外用信用卡支付手续费
735,国外用信用卡手续费怎么收
736,信用卡在柜员机取款
737,信用卡在柜员机取款
738,信用卡在柜员机取款
739,信用卡可以取多少钱
740,信用卡可以取多少钱
741,用信用卡能取现吗
742,信用卡可以在柜台取款吗
743,我的信用卡一次可以取多少钱
744,我的信用卡一次可以取多少钱
745,我的信用卡一次可以取多少钱
746,透支卡可以取现吗
747,透支卡可以取现吗
748,透支卡可以取现吗
749,透支卡在柜台可以取多少
750,透支卡一次能取多少
751,透支卡一次能取多少
752,透支卡一次能取多少
753,贷记卡取现
754,开卡要收多少钱
755,开银行卡要收费吗
756,开张卡费用多少
757,开张卡费用多少
758,开张银行卡要什么费
759,开张银行卡要什么费
760,开张银行卡要什么费
761,开储蓄卡怎么收费
762,开储蓄卡怎么收费
763,储蓄卡开户怎么收费
764,请问开银行卡需要收什么费用
765,开户要收费吗
766,龙卡储蓄卡新开户怎么收费
767,开个发工资的卡，是怎么收费的
768,开个本子要不要收费
769,开存折怎么收费
770,新开个存折手续费收多少
771,开定期存折要不要收费
772,怎么办理高速卡
773,怎么办理高速卡
774,怎么办理高速卡
775,怎么办理ETC卡
776,怎么办理ETC卡
777,粤通卡过高速没有短信提醒
778,粤通卡要怎么办啊
779,你们银行的ETC卡要怎么办
780,你们银行的ETC卡要怎么办
781,办粤通卡有什么条件吗
782,你们银行办信用卡有什么条件
783,我可以办信用卡吗
784,我可以办信用卡吗
785,我可以办信用卡吗
786,办信用卡有什么要求
787,办信用卡有什么要求
788,办信用卡有什么要求
789,透支卡我可以办吗
790,透支卡我可以办吗
791,透支卡我可以办吗
792,开信用卡要什么资料
793,开信用卡要什么资料
794,请问办理信用卡有要求吗
795,请问办理信用卡有要求吗
796,请问办理信用卡有要求吗
797,申请信用卡有什么要求
798,申请信用卡有什么要求
799,申请信用卡有什么要求
800,信用卡申办条件
801,信用卡申办条件
802,信用卡申办条件
803,开公司帐户要什么要求
804,开公司帐户要什么要求
805,开个公司一般户，要什么条件
806,开个公司一般户，要什么条件
807,开个公司一般户，要什么条件
808,开基本户条件
809,开一般户条件
810,开一般户条件
811,公司开户有什么要求
812,开公司户要什么资料
813,给公司开户，用来扣税，怎么办啊
814,公司帐户怎么开
815,对公户怎么办理
816,对公户怎么办理
817,给小孩开户
818,给小孩开户
819,开张卡费用多少
820,临时身份证可以开银行卡吗
821,临时身份证可以开银行卡吗
822,给未成年人开户
823,外国人用什么证件开户
824,外国人用什么证件开户
825,外籍人士开储蓄卡
826,用护照可以开户吗
827,香港居民可以开户吗
828,澳门居民可以开户吗
829,澳门居民可以开户吗
830,台湾居民可以开户吗
831,身份证消磁了可以开户吗
832,身份证消磁了可以开户吗
833,身份证消磁了可以开户吗
834,我的身份证读不到了，可以开户吗
835,临时身份证可以开银行卡吗
836,临时身份证可以开银行卡吗
837,临时身份证可以开银行卡吗
838,用临时身份证开户
839,身份证消磁了可以开户吗
840,我的手机怎么只能转5000元
841,我的手机怎么只能转5000元
842,我的手机怎么只能转5000元
843,我的手机银行一次只可以转5000元
844,我的手机银行一次只可以转5000元
845,换了手机，现在手机转账只能转5000
846,换了手机，现在手机转账只能转5000
847,换了手机，现在手机转账只能转5000
848,我的手机银行一次只可以转5000元
849,我的手机银行一次只可以转5000元
850,我的手机银行一次只可以转5000元
851,你们的手机银行额度怎么这么少，只能转5000元
852,你们的手机银行额度怎么这么少，只能转5000元
853,你们的手机银行额度怎么这么少，只能转5000元
854,我有手机银行一次只转5000元，太少了
855,我有手机银行一次只转5000元，太少了
856,我有手机银行一次只转5000元，太少了
857,我有手机银行一次只转5000元，太少了
858,我有手机银行一次只转5000元，太少了
859,我有手机银行一次只转5000元，太少了
860,我的手机银行交易怎么突然降到5000了
861,我的手机银行交易怎么突然降到5000了
862,手机银行每天可以转多少
863,手机银行能转多少
864,手机银行能转多少
865,手机银行转账有限额吗
866,手机银行转账有限额吗
867,用手机银行汇款有要求吗
868,用手机银行转帐一笔最多可以转多少
869,用手机银行转帐一笔最多可以转多少
870,用手机银行转帐一笔最多可以转多少
871,通过手机银行转帐有限制吗
872,通过手机银行转帐有限制吗
873,通过手机银行转帐有限制吗
874,手机银行转帐金额有限制吗
875,用手机APP每次可以转多少钱
876,用手机转帐一次能转多少
877,手机转帐，最多可以转多少
878,手机转帐，最多可以转多少
879,手机怎么转不了帐
880,手机怎么转不了帐
881,用手机APP转帐每天最多可以转多少
882,在手机APP上转帐可以转多少
883,在手机APP上转帐可以转多少
884,用手机APP每次可以转多少钱
885,手机转帐什么时候可以到帐
886,手机转帐什么时候可以到帐
887,手机转帐什么时候可以到帐
888,手机转帐多久可以收到
889,手机转帐多久可以收到
890,手机转帐多久可以收到
891,用手机转帐要多长时间收到
892,用手机转帐要多长时间收到
893,用手机转帐要多长时间收到
894,手机银行汇款多久到帐
895,手机银行转帐成功，对方什么时间可以收到
896,手机银行转帐成功，对方什么时间可以收到
897,我用手机银行汇款对方多久收到
898,我用手机银行汇款对方多久收到
899,手机银行汇款到帐时间
900,手机银行汇款到帐时间
901,手机银行汇款到帐时间
902,手机APP汇款什么时候收到
903,通过手机转帐到工行，什么时候可以到帐
904,手机怎么转不了帐
905,手机怎么转不了帐
906,换了号码手机银行转不了
907,手机银行怎么上不去了
908,我的手机银行上个月还可以用，怎么现在转不了
909,手机银行怎么上不去了
910,手机银行怎么上不去了
911,手机银行怎么上不去了
912,我有开通手机银行，怎么用不了呢
913,我有开通手机银行，怎么用不了呢
914,手机银行无法正常使用
915,为什么我的手机银行用不了啊
916,手机银行怎么上不去了
917,我换了手机号码，手机银行怎么用不了呢
918,我换了手机号码，手机银行怎么用不了呢
919,我怎么不能用手机银行功能
920,我的手机银行功能怎么用不了
921,我开的卡怎么用不了微信
922,我开的卡怎么用不了微信
923,我开的卡怎么用不了微信
924,微信上怎么用不了
925,我在网上买东西手机号码不对
926,我在网上买东西手机号码不对
927,我在网上买东西手机号码不对
928,网上购物收不到验证码
929,我的银行卡微信绑不了
930,我的银行卡微信绑不了
931,银行卡绑微信手机号码不对
932,银行卡绑微信手机号码不对
933,网上买东西提示手机号码不对
934,网上买东西提示手机号码不对
935,我的手机怎么在支付宝用不了
936,我开通了短信通知，卡内余额变动时收不到短信通知
937,我开通了短信通知，卡内余额变动时收不到短信通知
938,我开通了短信通知，卡内余额变动时收不到短信通知
939,短信服务无法正常使用
940,短信服务无法正常使用
941,短信服务无法正常使用
942,为什么我的银行卡短信通知没有了
943,为什么我的银行卡短信通知没有了
944,为什么我的银行卡短信通知没有了
945,我开通了短信提醒业务。为什么帐号上做了汇款业务没有短信提醒我?
946,我怎么收不到短信了
947,我怎么收不到短信了
948,我怎么收不到短信了
949,以前存取钱会有短信提示。现在收不到了
950,以前存取钱会有短信提示。现在收不到了
951,我的短信服务为什么给停了，我又不欠费
952,我的手机短信业务怎么停止了?
953,我上个月还可以收到短信，怎么这个月就没了？
954,我刚存的钱怎么没收到短信通知呢
955,我刚存的钱怎么没收到短信通知呢
956,我想问一下，我办的卡怎么没有短信通知？
957,我想问一下，我办的卡怎么没有短信通知？
958,我想问一下，我办的卡怎么没有短信通知？
959,为什么开通了手机短信通知，存取钱也没有短信提示
960,在自动提款机上取了钱，为什么没有短信提示，短信提示是开通的
961,在自动提款机上取了钱，为什么没有短信提示，短信提示是开通的
962,为什么我刷卡了没短信通知我！
963,为什么我刷卡了没短信通知我！
964,我有张储蓄卡 以前有短信提醒账户金额变动 现在没了怎么回事？
965,为什么我刷卡了没短信通知我！
966,我工资卡开通短信通知，但工资上卡不显示短信
967,我开通了短信通知，卡内余额变动时收不到短信通知
968,为什么我的金额进出短信提示没有了
969,怎么我的资金进出没有短信提示了
970,我开通了短信提醒业务。为什么帐号上做了汇款业务没有短信提醒我?
971,在网上交易后怎么没有短信发过来
972,在网上交易后怎么没有短信发过来
973,我绑定的银行卡有资金出入时，手机为何收不到短信
974,我绑定的银行卡有资金出入时，手机为何收不到短信
975,我办理过短信通业务，为什么账户余额变化不给短信通知了？
976,我开通了短信银行咋不给我发短信
977,我开通了短信银行咋不给我发短信
978,我开通了短信通知，卡内余额变动时收不到短信通知
979,我开通了短信通知，卡内余额变动时收不到短信通知
980,"为什么我办理了手机短信服务，把钱打到卡里了,手机没收到短信提醒呢?"
981,"为什么我办理了手机短信服务，把钱打到卡里了,手机没收到短信提醒呢?"
982,"为什么我办理了手机短信服务，把钱打到卡里了,手机没收到短信提醒呢?"
983,我的帐户绑定的短信通知为何没有了？
984,我的帐户绑定的短信通知为何没有了？
985,我想问一下，我办的卡怎么没有短信通知？
986,我想问一下，我办的卡怎么没有短信通知？
987,我想问一下，我办的卡怎么没有短信通知？
988,为什么我的短信不显示账户余额
989,为什么我的短信不显示账户余额
990,我有开通短信通知但没有
991,我有开通短信通知但没有
992,我有开通短信通知但没有
993,我有开通短信通知但没有
994,我做的理财如果急需用钱可以取吗
995,我做的理财如果急需用钱可以取吗
996,我做的理财如果急需用钱可以取吗
997,你们的理财产品要可不可以提前取
998,你们的理财产品要可不可以提前取
999,你们的理财产品要可不可以提前取
1000,理财产品要做多长时间
1001,理财产品要做多长时间
1002,理财产品要做多长时间
1003,理财产品投资期限多长
1004,理财产品投资期限多长
1005,理财产品投资期限多长
1006,你们的理财产品要放多久
1007,你们的理财有多少时间的
1008,理财产品到期后什么时间入帐
1009,理财产品到期后什么时间入帐
1010,理财产品到期后什么时间入帐
1011,理财产品满期后多久进帐
1012,理财产品满期后多久进帐
1013,我购买的理财产品到期后怎么入账
1014,我购买的理财产品到期后怎么入账
1015,我购买的理财产品到期后怎么入账
1016,理财产品到期后怎么返还
1017,理财产品到期后怎么返还
1018,理财产品到期后怎么返还
1019,理财产品到期是自动返还吗
1020,大额存单起点金额
1021,大额存单起点金额
1022,多少可以做大额存款
1023,多少可以做大额存款
1024,多少可以做大额存款
1025,多少钱可以存大额存单
1026,多少钱可以存大额存单
1027,多少钱可以存大额存单
1028,粤通卡怎么充值
1029,粤通卡怎么充值
1030,我的粤通卡存了钱怎么上高速用不了
1031,粤通卡在哪里可以充值
1032,粤通卡里的钱用完了，怎么充值
1033,粤通卡里的钱用完了，怎么充值
1034,粤通卡充值渠道
1035,粤通卡充值点介绍
1036,粤通借记卡充值
1037,粤通借记卡充值
1038,在你们行办的ETC卡，在哪里可以充值
1039,高速卡充值
1040,ETC卡费用完了
1041,车上ETC卡要怎么充值
1042,车上ETC卡要怎么充值
1043,ETC卡费用完了
1044,在你们行办的ETC卡，在哪里可以充值
1045,在你们行办的ETC卡，在哪里可以充值
1046,在你们行办的ETC卡，在哪里可以充值
1047,粤通信用卡扣款短信通知
1048,我的ETC卡收费有没有短信通知
1049,我的ETC卡收费有没有短信通知
1050,粤通卡扣费短信通知
1051,TEC卡缴费短信通知
1052,我的ETC卡收费有没有短信通知
1053,我的ETC卡收费有没有短信通知
1054,粤通卡高速通行费有没有信息
1055,粤通卡可以在柜员机转账吗
1056,粤通卡可以在柜员机转账吗
1057,我的ETC卡还有什么功能
1058,粤通储蓄卡还有其它用吗
1059,粤通卡除了上高速使用，在其它地方还可以用吗
1060,ETC卡可以加油吗
1061,我信用卡消费了，要多长时间还款
1062,我信用卡消费了，要多长时间还款
1063,我信用卡消费了，要多长时间还款
1064,粤通卡在高速缴费什么时间还款
1065,信用卡刷卡后多久还款
1066,信用卡一般多久就要还钱
1067,信用卡一般多久就要还钱
1068,信用卡一般多久就要还钱
1069,信用卡透支后，什么时间还款
1070,信用卡透支后，什么时间还款
1071,信用卡还款日怎么算
1072,信用卡还款日怎么算
1073,信用卡还款日怎么算
1074,到期还款日是哪一天
1075,到期还款日是哪一天
1076,怎么计算我的还款日
1077,查询信用卡还款日
1078,查询信用卡还款日
1079,我的信用卡消费了，怎么来还款
1080,我的信用卡消费了，怎么来还款
1081,信用卡透支后，怎么还款
1082,信用卡透支后，怎么还款
1083,信用卡透支后，怎么还款
1084,信用卡还款渠道
1085,信用卡还款渠道
1086,信用卡还款渠道
1087,信用卡在哪里激活
1088,信用卡在哪里激活
1089,我的信用卡消费了，怎么来还款
1090,我的信用卡消费了，怎么来还款
1091,新收到的信用卡怎么设置密码
1092,新收到的信用卡怎么设置密码
1093,新收到的信用卡怎么设置密码
1094,信用卡收到了怎么用呢
1095,信用卡收到了怎么用呢
1096,我的信用卡怎么没密码
1097,我的信用卡怎么没密码
1098,我的信用卡怎么没密码
1099,我要激活信用卡
1100,我要激活信用卡
1101,我要激活信用卡
1102,信用卡地址变更
1103,信用卡地址变更
1104,信用卡联系地址更新
1105,信用卡联系地址更新
1106,信用卡地址不对收不到对帐单
1107,我的透支卡地址现在变了
1108,信用卡以前的地址不用了，怎么更新
1109,信用卡手机号变更
1110,信用卡手机号变更
1111,信用卡手机号变更
1112,我在网上买东西手机号码不对
1113,我在网上买东西手机号码不对
1114,我在网上买东西手机号码不对
1115,信用卡联系电话要改
1116,信用卡联系电话要改
1117,信用卡联系电话要改
1118,我的信用卡密码忘记了
1119,重置信用卡密码
1120,信用卡密码输错3次，被锁了
1121,信用卡密码输错3次，被锁了
1122,信用卡密码输错3次，被锁了
1123,改信用卡密码
1124,改信用卡密码
1125,我的信用卡密码忘记了
1126,我的信用卡密码忘记了
1127,我的信用卡密码忘记了
1128,信用卡到期又重新寄了张，密码是多少
1129,信用卡到期换卡密码是一样的吗
1130,信用卡到期又重新寄了张，密码是多少
1131,信用卡到期怎么换卡
1132,信用卡到期怎么换卡
1133,到期的信用卡还可以用吗
1134,到期的信用卡还可以用吗
1135,信用卡到期了要重新申请吗
1136,信用卡到期了要重新申请吗
1137,信用卡到期换卡 
1138,信用卡丢了怎么办
1139,信用卡丢了怎么办
1140,信用卡被盗了怎么办
1141,信用卡被盗了怎么办
1142,信用卡被盗了怎么办
1143,我的信用卡不见了怎么处理
1144,我的信用卡不见了怎么处理
1145,我的信用卡不见了怎么处理
1146,信用卡遗失的办理
1147,信用卡遗失的办理
1148,提高信用卡额度
1149,提高信用卡额度
1150,信用卡额度太少
1151,信用卡额度太少
1152,申请信用卡多久可以收到
1153,申请信用卡多久可以收到
1154,你们的理财有多少时间的
1155,你们的理财有多少时间的
1156,帐单分期手续费
1157,帐单分期手续费
1158,分期手续费
1159,分期手续费
1160,哪里可以交罚款
1161,哪里可以交罚款
1162,哪里可以交罚款
1163,您好，我有一笔交通罚款，怎么交？
1164,您好，我有一笔交通罚款，怎么交？
1165,汽车违章缴费
1166,汽车违章缴费
1167,怎么支付交警罚款
1168,缴纳交通违章费用
1169,你们网点上班时间
1170,你们网点上班时间
1171,你们什么时候下班
1172,你们什么时候下班
1173,你们什么时候下班
1174,中午可以办理业务吗
1175,中午可以办理业务吗
1176,中午可以办理业务吗
1177,我在外国一天可以取多少钱
1178,我在外国一天可以取多少钱
1179,我用建行卡在国外取钱有规定吗
1180,建行卡可以在国外取现金吗
1181,我在国外可以查询卡内余额吗
1182,我在国外可以查询卡内余额吗
1183,我在国外可以查询卡内余额吗
1184,我的银行卡在国外的ATM上能查询到余额吗
1185,我在国外可以查询卡内余额吗
1186,我的银行卡密码输错了怎么办
1187,我的银行卡密码输错了怎么办
1188,我的银行卡密码输错3次了
1189,我的银行卡锁住了
1190,我的银行卡密码用不了了
1191,我的银行卡密码用不了了
1192,建行好吗？
1193,建行卡在你们这里取款要收费吗
1194,在建行办理的ETC可以在全国高速路扣费使用么？
1195,在建行办理的ETC可以在全国高速路扣费使用么？
1196,在建行办理的ETC可以在全国高速路扣费使用么？
1197,我的银行卡在国外的ATM上能查询到余额吗
1198,我的银行卡在国外的ATM上能查询到余额吗
1199,我的银行卡在国外的ATM上能查询到余额吗
1200,我的信用卡怎么还没收到
1201,我的信用卡怎么还没收到
1202,我的信用卡怎么还没收到
1203,办信用卡要多久
1204,办信用卡要多久
1205,办信用卡要多久
1206,我想申请优惠
1207,我想申请优惠
1208,怎么开通龙支付
1209,怎么开通龙支付
1210,转账手续费
0,信用卡消费要手续费吗
1,信用卡丢了怎么办
2,银行卡遗失怎么办
3,什么是滞纳金
4,什么是滞纳金
5,什么是到期还款日
6,什么是到期还款日
7,信用卡有哪些分类
8,办理建行高速ETC有什么好处
9,办理建行高速ETC有什么好处
10,建行信用卡卡种有什么区别？
11,金管家都有哪些功能
12,信用报告
13,信用报告
14,信用报告
15,信用卡年费
16,理财卡的有效期也均为20年么？
17,建行信用卡的免息期是多少天？
18,信用卡最低还款额
19,信用卡最低还款额
20,信用卡最低还款额
21,额度有多少
22,信用卡还款小贴士
23,信用卡帐单、现金分期手续费
24,信用卡额度
25,信用卡还款日怎么算
26,我的银行卡密码用不了了
27,怎么计算我的还款日
28,什么是到期还款日
29,信用卡账单日
30,银行对账单
31,理财卡的有效期也均为20年么？
32,建行贵宾卡有哪几种类
33,建行贵宾卡有哪几种类
34,离你们这最近的建行在哪儿
35,建设银行信用卡刚收到的新卡怎么用？
36,我的银行卡锁住了
37,信用卡什么时间起源于哪个国家
38,信用卡什么时间起源于哪个国家
39,开个发工资的卡，是怎么收费的
40,什么是基金定投
41,什么是基金定投
42,什么是基金定投
43,开放式基金的分类？
44,开放式基金的分类？
45,开放式基金的分类？
46,开放式基金的分类？
47,什么是基金
48,开放式基金的分类？
49,建行贵宾卡有哪几种类
50,龙卡通自动转账业务是否指的都是人民币业务？
51,银行卡被吞怎么办
52,银行卡被吞怎么办
53,银行卡被吞怎么办
54,中国建设银行异地转账手续费
55,中国建设银行异地转账手续费
56,中国建设银行异地跨行转账手续费
57,中国建设银行异地跨行转账手续费
58,你们附近还有ATM机吗
59,理财卡的有效期也均为20年么？
60,中国建设银行微信公众号
61,中国建设银行跨行取款手续费
62,中国建设银行异地跨行取款手续费
63,中国建设银行异地取款手续费
64,中国建设银行跨行取款手续费
65,中国建设银行跨行取款手续费
66,中国建设银行异地跨行转账手续费
67,拿你们的卡回老家取钱，要收手续费吗
68,中国建设银行异地取款手续费
69,中国建设银行异地取款手续费
70,怎么申请支票
71,支票
72,支票
73,什么是银行回单
74,什么是银行回单
75,帐单分期手续费
76,银行本票
77,什么是银行券
78,什么是银行券
79,什么是银行券
80,车e贷支用方法是什么
81,转账支票
82,转账支票
83,信用卡地址不对收不到对帐单
84,中国建设银行异地存款手续费
85,建行信用卡卡种有什么区别？
86,中国建设银行成立时间
87,中国建设银行成立时间
88,中国建设银行成立时间
89,中国建设银行的英文简称是什么
90,中国建设银行的英文简称是什么
91,我的信用卡密码忘记了
92,粤通卡在哪里可以充值
93,怎么办理粤通卡
94,粤通借记卡充值
95,粤通卡在哪里可以充值
96,我的手机怎么在支付宝用不了
97,粤通卡过高速没有短信提醒
98,粤通卡过高速没有短信提醒
99,粤通卡过高速没有短信提醒
100,怎么办理粤通卡
101,办粤通卡有什么条件吗
102,什么是约定还款
103,委托扣款是什么意思呢？
104,什么是约定还款
105,怎么计算我的还款日
106,如何办理约定还款
107,理财产品要做多长时间
108,什么是“活期账户还款”？
109,如何办理约定还款
110,查询信用卡还款日
111,建行信用卡取现手续费是多少？
112,透支卡取现手续费怎么收
113,我的信用卡一次可以取多少钱
114,信用卡境外取现手续费
115,信用卡境外取现手续费
116,信用卡境外取现手续费
117,借记卡出国在ATM机取款手续费怎么收
118,信用卡国外刷卡手续费
119,带银联标识的龙卡在国外取款手续费要怎么收呢
120,信用卡境外消费手续费
121,在国外用信用卡取款手续费收多少
122,建行卡可以在国外取现金吗
123,信用卡可以取现金吗
124,建行卡可以在国外取现金吗
125,都有什么密码需要设置？
126,你们银行办信用卡有什么条件
127,我想办理年金保险
128,什么是到期还款日
129,信用卡什么时候还款
130,信用卡怎么还款
131,信用卡还款日怎么算
132,查询信用卡还款日
133,信用卡激活
134,信用卡在哪里激活
135,信用卡激活
136,信用卡资料修改
137,信用卡资料修改
138,信用卡资料修改
139,改信用卡密码
140,更改预留手机号
141,信用卡到期后又寄了张新卡密码要重新设吗
142,新收到的信用卡怎么设置密码
143,换卡卡号会变更吗？
144,信用卡到期又重新寄了张，密码是多少
145,信用卡到期又重新寄了张，密码是多少
146,信用卡到期怎么办
147,我的信用卡不见了怎么处理
148,信用卡丢了怎么办
149,信用卡到期了要重新申请吗
150,提高信用卡额度
151,我的短信业务怎么停了啊，我卡上还有费呀
152,信用卡怎么修改每日交易额度？
153,信用卡消费要手续费吗
154,信用卡地址不对收不到对帐单
155,申请办理信用卡的基本准入条件是什么
156,开个发工资的卡，是怎么收费的
157,用信用卡刷卡要不要收续费
158,信用卡的费用如何收取
159,如何申请信用卡临时额度
160,如何申请信用卡临时额度
161,如何申请信用卡临时额度
162,如何安全使用信用卡
163,我信用卡消费了，要多长时间还款
164,信用卡还款小贴士
165,建行信用卡的免息期是多少天？
166,我在建行能买天然气吗？
167,信用卡积分会清零么？
168,信用卡可以在柜台取款吗
169,手机银行解绑
170,手机银行解绑
171,手机银行怎么上不去了
172,手机银行转账有限额吗
173,手机银行转账限额
174,手机银行转账有限额吗
175,手机银行转账到账时间
176,手机银行转账到账时间
177,手机银行转账到账时间
178,手机银行转账限额
179,换了号码手机银行转不了
180,更改预留手机号
181,更改预留手机号
182,短信无法正常使用
183,短信通知余额提醒
184,短信通知余额提醒
185,您好，我有一笔交通罚款，怎么交？
186,贷款额度结清后，贷款账号在网银怎么删除。
187,中国建设银行微信公众号
188,中国建设银行微信公众号
189,网点名称
190,中国建设银行异地存款手续费
191,中国建设银行异地存款手续费
192,手机银行每天可以转多少
193,利率的表现形式和换算
194,信用卡还款日怎么算
195,你们的理财产品要可不可以提前取
196,理财产品到期是自动返还吗
197,理财产品到期是自动返还吗
198,理财产品投资期限
199,理财产品到期怎么取
200,理财产品到期怎么取
201,我的身份证读不到了，可以开户吗
202,开存折怎么收费
203,临时身份证可以开户吗
204,银行卡被吞怎么办
205,为什么我的手机银行用不了啊
206,用临时身份证开户
207,用临时身份证开户
208,身份证丢了，怎么开户
209,借记卡境外取款手续费
210,中国建设银行异地跨行取款手续费
211,借记卡如何提供异地紧急现金援助服？
212,借记卡存款手续费
213,信用卡境外取现手续费
214,储蓄卡存款要收费吗
215,储蓄账户开户手续费
216,如何保管银行卡
217,信用卡丢了
218,粤通卡借记卡如何充值
219,卡片被自动柜员机吞了怎么办？
220,如何查询车辆通行信息
221,如何保管银行卡
222,怎样办理银行卡
223,我的银行卡密码用不了了
224,我的银行卡密码输错了怎么办
225,我的信用卡密码忘记了
226,办信用卡有什么要求
227,建行卡去工行取钱收多少手续费
228,手机银行汇款多久到帐
229,建行贵宾卡有哪几种类
230,建行贵宾卡有哪几种类
231,建行贵宾卡有哪几种类
232,办理建行高速ETC有什么好处
233,建行贵宾卡有哪几种类
234,建行贵宾卡有哪几种类
235,建行贵宾卡有哪几种类
236,如何办理建行信用卡
237,如何办理建行信用卡
238,办理VIP卡
239,退休人员提取公积金需要什么材料？
240,境外用卡消费需要注意哪些问题？
241,退休人员提取公积金需要什么材料？
242,什么情况下可以提取住房公积金
243,什么情况下可以提取住房公积金
244,住房公积金缴存情况
245,怎么查询住房公积金缴存情况？
246,我的手机怎么在支付宝用不了
247,遗忘住房公积金联名卡密码
248,我的信用卡消费了，怎么来还款
249,我的银行卡密码输错了怎么办
250,怎么查询住房公积金缴存情况？
251,房屋装修能否提取住房公积金
252,房屋装修能否提取住房公积金
253,什么情况下可以提取住房公积金
254,什么情况下可以提取住房公积金
255,公积金贷款首付比例是多少
256,公积金贷款首付比例是多少
257,公积金贷款首付比例是多少
258,电子渠道转账限额
259,中国建设银行微信公众号
260,单位结算卡如何办理
261,单位结算卡如何办理
262,单位结算卡如何办理
263,信用卡密码输错3次，被锁了
264,单位结算卡如何办理
265,单位结算卡密码忘了，怎么办理？
266,单位结算卡如何办理
267,单位结算卡怎么挂失
268,单位结算卡怎么挂失
269,我用建行卡在国外取钱有规定吗
270,粤通卡可以在柜员机转账吗
271,建行卡可以在国外取现金吗
272,单位结算卡在ATM转账时“凭证号码”怎么输入
273,单位结算卡在ATM转账时“凭证号码”怎么输入
274,单位结算卡在ATM转账时“凭证号码”怎么输入
275,什么是银行代销产品
276,什么是银行代销产品
277,什么是银行代销产品
278,大额存单利息
279,大额存单利息
280,多少钱可以存大额存单
281,大额存单利息
282,大额存单起点金额
283,理财卡的有效期也均为20年么？
284,请问办理信用卡有要求吗
285,开存折要收费吗
286,什么是保险产品犹豫期
287,什么是保险产品犹豫期
288,哪些车辆可以办理速通电子标签？
289,储蓄卡挂失
290,身份证丢了，怎么开户
291,你们银行的ETC卡要怎么办
292,办理建行高速ETC有什么好处
293,换卡卡号会变更吗？
294,办理车辆所有权人变更，需携带哪些手续？
295,都有什么密码需要设置？
296,透支卡我可以办吗
297,ETC业务是否可以使用外地借记卡或者信用卡、信用卡附属卡签约办理？
298,在建行办理的ETC可以在全国高速路扣费使用么？
299,请问办理信用卡有要求吗
300,建行签约绑定账户可以办理几张建行速通卡
301,获赠建行速通卡后，电子标签是否要交纳购置费？
302,速通电子标签丢失了
303,我在建行能买天然气吗？
304,我在建行能买天然气吗？
305,速通电子标签丢失了
306,速通电子标签丢失了
307,ETC卡费用完了
308,客户可以查询到多长时间的速通卡消费记录
309,速通卡挂失
310,是否可以办理建行速通卡签约绑定银行账户变更？怎样办理？
311,短信无法正常使用
312,手机银行转账不成功
313,怎样办理速通卡
314,什么是建行速通卡
315,怎么办理ETC卡
316,如何打印建行速通卡消费明细
317,客户信息如何变更
318,速通电子标签丢失了
319,是否可以办理建行速通卡签约绑定银行账户变更？怎样办理？
320,建行速通卡相当于储值卡还是记账卡
321,怎么办理ETC卡
322,怎么办理ETC卡
323,是否可以办理建行速通卡注销？怎样办理？
324,我在建行能买天然气吗？
325,如何打印通行费发票
326,是否可以办理外地车辆ETC业务？
327,我在建行能买天然气吗？
328,在建行办理的ETC可以在全国高速路扣费使用么？
329,办理车辆所有权人变更，需携带哪些手续？
330,办理车辆所有权人变更，需携带哪些手续？
331,办理车辆所有权人变更，需携带哪些手续？
332,怎么办理ETC卡
333,速通卡挂失
334,怎么办理ETC卡
335,如何查询车辆通行信息
336,缴纳交通违章费用
337,如何查询车辆通行信息
338,委托扣款是什么意思呢？
339,怎么办理ETC卡
340,开个发工资的卡，是怎么收费的
341,怎样办理速通卡
342,速通卡挂失
343,中国建设银行的英文简称是什么
344,建行“刘艳快线”
345,建行“刘艳快线”
346,中国人民解放军总医院
347,中国人民解放军总医院
348,中国人民解放军总医院
349,客户签约借贷通的储蓄卡丢失，已挂失，如何继续使用贷款？
350,“快诊通”？
351,我要办快贷？
352,为什么我申请“快贷”提示不通过？
353,快速贷款是真的吗!
354,快速贷款是真的吗!
355,快速贷款是真的吗!
356,在哪里可以查询客户的支用明细？
357,车e贷使用范围情况？
358,龙卡通个人自助质押贷款的额度是多少？
359,客户同时申请“快贷”快e贷与质押贷，网上可见两个贷款账号，具体哪一个快e贷，哪一个是质押贷？
360,车e贷利率水平是多少？
361,定期存款
362,客户签约借贷通的储蓄卡丢失，已挂失，如何继续使用贷款？
363,委托扣款是什么意思呢？
364,委托扣款是什么意思呢？
365,未按时归还快贷逾期利率是多少？
366,客户同时申请“快贷”快e贷与质押贷，网上可见两个贷款账号，具体哪一个快e贷，哪一个是质押贷？
367,跨省刷卡是否有限额
368,快贷网上订单退款什么时候到账
369,快贷网上订单退款什么时候到账
370,我在建行能买天然气吗？
371,手机银行转账有限额吗
372,贷款额度结清后，贷款账号在网银怎么删除。
373,为什么我申请“快贷”提示不通过？
374,为什么我申请“快贷”提示不通过？
375,贷款期限是多长？
376,贷款期限是多长？
377,贷款期限是多长？
378,快贷支持与禁止的贷款用途
379,请问申请贷款时能否追加其他现有房产，以增加“快贷”额度？
380,财私客户快e贷额度降低
381,“快诊通”？
382,建行信用卡签约和未签约是什么意思？
383,只签约开通手机银行，未签约网银，可以在手机银行申请快贷吗？
384,客户成功办理快e贷后不可进行ATM缴费
385,我在建行能买天然气吗？
386,办信用卡有什么要求
387,车e贷是否需要办理抵押？
388,电子银行包括哪些种类
389,质押贷是否支持外币
390,快速贷款是真的吗!
391,定期存单目前是否可以质押
392,请问我在申请“质押贷”时为何不能同时选择多种质押物？
393,在网上签合同与贷款机构签合同具有一样的法律效力吗？
394,快速贷款是真的吗!
395,客户在网银签约或解约借贷通时遇到客户信息不完整的报错提示，如何解决？
396,快e贷完成签约流程后，是否仍需进一步签约借贷通？
397,客户成功办理快e贷后不可进行ATM缴费
398,请问我贷款利息何时开始计算？
399,快贷网上订单退款什么时候到账
400,信用卡还款日怎么算
401,客户同时申请“快贷”快e贷与质押贷，网上可见两个贷款账号，具体哪一个快e贷，哪一个是质押贷？
402,客户信息如何变更
403,客户同时申请“快贷”快e贷与质押贷，网上可见两个贷款账号，具体哪一个快e贷，哪一个是质押贷？
404,信用卡到期后又寄了张新卡密码要重新设吗
405,龙卡挂失后，存折还可以正常使用吗？
406,速通电子标签丢失了
407,系统默认优先使用贷款，如何变更消费顺序。
408,随借随还是什么意思
409,随借随还是什么意思
410,随借随还是什么意思
411,我的手机不欠费，怎么把我的短信给停用了
412,在哪里可以查询客户的支用明细？
413,建设银行有多少个网点
414,车e贷使用范围情况？
415,在哪里可以查询客户的支用明细？
416,在哪里可以查询客户的支用明细？
417,快贷支持与禁止的贷款用途
418,快贷支持与禁止的贷款用途
419,我的银行卡在国外的ATM上能查询到余额吗
420,手机一天能转多少钱
421,今天国内黄金价格是多少？
422,今天国际黄金价格是多少？
423,今天国际黄金价格是多少？
424,今天国际黄金价格是多少？
425,今天国际黄金价格是多少？
426,我想看一下黄金
427,买贵金属哪家银行好
428,买黄金哪家银行好
429,买黄金哪家银行好
430,买黄金哪家银行好
431,今天国际白银价格是多少？
432,今天国际白银价格是多少？
433,今天国际白银价格是多少？
434,今天黄金TD（或T加D）价格是多少？
435,今天黄金TD（或T加D）价格是多少？
436,我想看一下黄金
437,我想办理保险产品
438,我想办理保险产品
439,什么是投资连结保险
440,什么是投资连结保险
441,什么是基金定投
442,什么是万能保险
443,什么是分红保险
444,建行好吗？
445,什么是分红保险
446,我想办理人寿保险
447,我想看一下黄金
448,我想办理意外保险
449,我想办理意外保险
450,开户要带什么资料
451,我要交话费
452,我想办理健康保险
453,买贵金属哪家银行好
454,我想办理年金保险
455,我想办理年金保险
456,都有什么密码需要设置？
457,用信用卡能取现吗
458,建行信用卡积分都能干什么？
459,最近有什么信用卡优惠活动
460,请问办理信用卡有要求吗
461,最近有什么信用卡优惠活动
462,如何办理建行信用卡
463,我想申请优惠
464,信用卡挂失
465,信用卡挂失
466,银行卡遗失怎么办
467,我的透支卡地址现在变了
468,我想办理人寿保险
469,我想办理人寿保险
470,在手机APP上转帐可以转多少
471,手机银行可以申请信用卡吗？
472,只签约开通手机银行，未签约网银，可以在手机银行申请快贷吗？
473,建行信用卡怎么还美元？
474,信用卡怎么还款
475,建行信用卡开通之后不使用会产生什么费用和影响？
476,建行信用卡开通之后不使用会产生什么费用和影响？
477,建行信用卡开通之后不使用会产生什么费用和影响？
478,信用卡积分会清零么？
479,信用卡积分会清零么？
480,信用卡积分会清零么？
481,建行信用卡的免息期是多少天？
482,龙卡通自动转账业务是否指的都是人民币业务？
483,信用卡到期又重新寄了张，密码是多少
484,建行信用卡有效期是几年？
485,贷款期限是多长？
486,建行信用卡有效期是几年？
487,我想看一下黄金
488,新收到的信用卡怎么设置密码
489,信用卡怎么修改每日交易额度？
490,办理建行信用卡需要什么手续？
491,都有什么密码需要设置？
492,办信用卡有什么要求
493,中国建设银行微信公众号
494,建行信用卡审批一般需要多久？
495,我信用卡消费了，要多长时间还款
496,使用信用卡应该注意什么？
497,用信用卡刷卡要不要收续费
498,开信用卡要什么资料
499,为什么我的手机银行用不了啊
500,建行信用卡取现了怎么还？
501,信用卡取现
502,建行信用卡取现手续费是多少？
503,建行信用卡取现手续费是多少？
504,我的银行卡密码用不了了
505,信用卡到期又重新寄了张，密码是多少
506,请问办理信用卡有要求吗
507,建行信用卡初始密码是多少？
508,建行信用卡签约和未签约是什么意思？
509,建行信用卡签约和未签约是什么意思？
510,建行信用卡签约和未签约是什么意思？
511,建行贵宾卡有哪几种类
512,建行贵宾卡有哪几种类
513,手机转帐，最多可以转多少
514,一个人可以办几张建行信用卡：
515,一个人可以办几张建行信用卡：
516,信用卡激活
517,建行信用卡怎么用啊？
518,我的信用卡怎么激活
519,建行信用卡的免息期是多少天？
520,建行信用卡的免息期是多少天？
521,到期还款日是哪一天
522,信用报告
523,如何查询建行信用卡余额和透支额度？
524,建设银行信用卡刚收到的新卡怎么用？
525,我的银行卡锁住了
526,我在建行能买天然气吗？
527,卡片被自动柜员机吞了怎么办？
528,卡片被自动柜员机吞了怎么办？
529,银行卡被吞怎么办
530,龙卡通是否具有关联其他账户的功能？
531,龙卡通是否有发卡门槛？
532,龙卡通卡面有没有改变？
533,龙卡通卡面是平面印刷还是凸字印刷？
534,一个人可以办几张建行信用卡：
535,开卡要收多少钱
536,龙卡通可以办理附属卡吗？
537,龙卡通是否支持选号功能？
538,在境外刷卡取现是使用的什么币种？
539,境外用卡消费需要出示身份证件吗？
540,在境外刷卡取现是使用的什么币种？
541,境外用卡消费需要出示身份证件吗？
542,信用卡到期换卡密码是一样的吗
543,境外用卡消费需要出示身份证件吗？
544,为什么要保留消费单据？
545,手机银行转账有限额吗
546,境外用卡消费需要注意哪些问题？
547,境外用卡消费需要注意哪些问题？
548,境外用卡消费需要注意哪些问题？
549,龙卡通可以办理附属卡吗？
550,请问我在申请“质押贷”时为何不能同时选择多种质押物？
551,龙卡通自动转账业务是否指的都是人民币业务？
552,龙卡通是否支持选号功能？
553,换卡卡号会变更吗？
554,龙卡通是否支持选号功能？
555,借记卡如何提供异地紧急现金援助服？
556,办理网银
557,电子银行包括哪些种类
558,电子银行包括哪些种类
559,申请银行贵宾卡
560,开户要带什么资料
561,开户要带什么资料
562,开户要带什么资料
563,在网上交易后怎么没有短信发过来
564,信用卡买东西收费吗
565,我要办业务
566,请问在线申请贷款时“快贷”和一般贷款有何不同？
567,建行信用卡卡种有什么区别？
568,如何办理结算通卡
569,如何办理金融卡
570,如何办理贵宾卡
571,如何办理贵宾卡
572,办信用卡有什么要求
573,办理VIP卡
574,储蓄卡挂失
575,贵宾卡有哪些服务
576,建行贵宾卡有哪几种类
577,开储蓄卡要交多少钱
578,开储蓄卡要交多少钱
579,用信用卡刷卡要不要收续费
580,银行卡在国外用手续费
581,如何办理金融卡
582,什么是建行账户商品
583,什么是龙卡云闪付
584,换卡卡号会变更吗？
585,中国建设银行微信公众号
586,换卡卡号会变更吗？
587,金融风险
588,民生工程
589,我在外国一天可以取多少钱
590,中国建设银行的转型方向是什么
591,换卡卡号会变更吗？
592,中国建设银行成立时间
593,建行好吗？
594,申请办理信用卡的基本准入条件是什么
595,龙卡通个人自助质押贷款的额度是多少？
596,龙卡通个人自助质押贷款的额度是多少？
597,手机银行怎么上不去了
598,买贵金属哪家银行好
599,如何在自助设备上汇款？
600,如何在自助设备上汇款？
601,中国建设银行的英文简称是什么
602,如何安装建行手机银行
603,如何查询建行信用卡余额和透支额度？
604,如何安装建行手机银行
605,怎样办理银行卡
606,如何查询车辆通行信息
607,什么是现金管理账单
608,什么是日常管家
609,什么是现金增利
610,定期存款
611,退休人员提取公积金需要什么材料？
612,办理公积金需带的证件
613,建行信用卡卡种有什么区别？
614,什么是账户管理
615,金管家都有哪些功能
616,金管家都有哪些功能
617,金管家都有哪些功能
618,怎么办理ETC卡
619,办理建行高速ETC有什么好处
620,如何办理贵宾卡
621,什么是“活期账户还款”？
622,龙卡通个人自助质押贷款的额度是多少？
623,中国建设银行异地取款手续费
624,带银联标识的龙卡在国外取款手续费要怎么收呢
625,我有张信用卡，取钱要不要收手续费呢
626,用信用卡在柜员机取款收手续费吗
627,我在外国一天可以取多少钱
628,开个发工资的卡，是怎么收费的
629,建行卡在你们这里取款要收费吗
630,北京的信用卡在这里取款手续费收多少
631,我有张信用卡，取钱要不要收手续费呢
632,建行卡在你们这里取款要收费吗
633,拿你们的卡回老家取钱，要收手续费吗
634,开存折要收费吗
635,开存折要收费吗
636,信用卡可以在柜台取款吗
637,中国建设银行异地取款手续费
638,外地的存折在你们这里取款要收多少手续费
639,开存折要收费吗
640,我用存折取钱收费用吗
641,到农行取款手续费收多少
642,中国建设银行跨行取款手续费
643,我有张信用卡，取钱要不要收手续费呢
644,中国建设银行跨行取款手续费
645,到农行取款手续费收多少
646,外卡在你行取款机取款怎么收费？
647,我有张信用卡，取钱要不要收手续费呢
648,储蓄卡存款要收费吗
649,我的卡到外地存钱要收手续费吗
650,家里人存钱到我的卡上要收费吗
651,中国建设银行异地存款手续费
652,银行卡在国外用手续费
653,家里人存钱到我的卡上要收费吗
654,你们附近还有ATM机吗
655,跨省刷卡是否有限额
656,家里人存钱到我的卡上要收费吗
657,我有张外地卡在你们这里存钱收费吗
658,家里人存钱到我的卡上要收费吗
659,存钱到外地要不要收费
660,银行卡在国外可以取款吗
661,信用卡境外取现手续费
662,用信用卡在柜员机取款收手续费吗
663,带银联标识的龙卡在国外取款手续费要怎么收呢
664,信用卡在外国取现手续费
665,建设银行信用卡刚收到的新卡怎么用？
666,信用卡境外取现手续费
667,信用卡境外取现手续费
668,用信用卡在柜员机取款收手续费吗
669,借记卡境外取款手续费
670,用信用卡在柜员机取款收手续费吗
671,借记卡境外取款手续费
672,建行信用卡取现手续费是多少？
673,储蓄卡出国取现手续收多少
674,借记卡境外取款手续费
675,借记卡出国在ATM机取款手续费怎么收
676,借记卡境外取款手续费
677,银联龙卡国外取款手续费
678,借记卡境外取款手续费
679,龙卡通国外取款手续费
680,龙卡通出国取现手续费
681,建行卡在国外取款手续费
682,我有张信用卡，取钱要不要收手续费呢
683,建行信用卡取现手续费是多少？
684,建行信用卡取现手续费是多少？
685,信用卡消费要手续费吗
686,信用卡境内取现手续费
687,建行信用卡取现手续费是多少？
688,储蓄卡存款要收费吗
689,我有张信用卡，取钱要不要收手续费呢
690,建行信用卡取现手续费是多少？
691,透支卡取现手续费怎么收
692,出国用储蓄卡取现手续费怎么收
693,透支卡取现手续费怎么收
694,出国用储蓄卡取现手续费怎么收
695,建行信用卡取现手续费是多少？
696,贷记卡国外取现手续费
697,建行卡去工行取钱收多少手续费
698,信用卡境外取现手续费
699,信用卡境外取现手续费
700,信用卡境外取现手续费
701,境外使用信用卡消费手续费怎么收
702,买东西刷信用卡要不要收费用
703,信用卡境外取现手续费
704,买东西刷信用卡要不要收费用
705,买东西刷信用卡要不要收费用
706,储蓄卡国外取现手续费
707,贷记卡国外取现手续费
708,贷记卡国外取现手续费
709,信用卡国外刷卡手续费
710,信用卡消费要手续费吗
711,信用卡消费要手续费吗
712,用信用卡刷卡要不要收续费
713,信用卡消费要手续费吗
714,境外用卡消费需要出示身份证件吗？
715,我外地办的信用卡在这里购物刷卡收费吗
716,信用卡买东西收费吗
717,信用卡买东西收费吗
718,我外地办的信用卡在这里购物刷卡收费吗
719,我外地办的信用卡在这里购物刷卡收费吗
720,信用卡消费要手续费吗
721,我外地办的信用卡在这里购物刷卡收费吗
722,我在国外查余额怎么收费
723,信用卡消费要手续费吗
724,买东西刷信用卡要不要收费用
725,信用卡消费要手续费吗
726,在境外刷卡取现是使用的什么币种？
727,信用卡消费要手续费吗
728,信用卡境外消费手续费
729,信用卡境外消费手续费
730,在国外用信用卡取款手续费收多少
731,境外使用信用卡消费手续费怎么收
732,境外使用信用卡消费手续费怎么收
733,在境外刷卡取现是使用的什么币种？
734,信用卡消费要手续费吗
735,国外用信用卡手续费怎么收
736,信用卡在柜员机取款
737,信用卡可以在柜台取款吗
738,信用卡在外国取现手续费
739,透支卡一次能取多少
740,我的信用卡一次可以取多少钱
741,在自动提款机上取了钱，为什么没有短信提示，短信提示是开通的
742,信用卡可以在柜台取款吗
743,我的信用卡一次可以取多少钱
744,手机一天能转多少钱
745,我的信用卡一次可以取多少钱
746,信用卡可以取现金吗
747,透支卡可以取现吗
748,银行卡在国外可以取款吗
749,透支卡在柜台可以取多少
750,我的信用卡一次可以取多少钱
751,透支卡一次能取多少
752,信用卡可以取多少钱
753,贷记卡取现
754,开储蓄卡要交多少钱
755,开银行卡要收费吗
756,开张银行卡要什么费
757,开储蓄卡要交多少钱
758,开张银行卡要什么费
759,开储蓄卡要交多少钱
760,都有什么密码需要设置？
761,开储蓄卡怎么收费
762,借记卡存款手续费
763,开储蓄卡要交多少钱
764,你们银行办信用卡有什么条件
765,开户要收费吗
766,开储蓄卡要交多少钱
767,理财卡的有效期也均为20年么？
768,开定期存折要不要收费
769,开储蓄卡要交多少钱
770,中国建设银行转账手续费
771,我用存折取钱收费用吗
772,如何办理金融卡
773,怎么办理ETC卡
774,怎么办理ETC卡
775,怎么办理ETC卡
776,怎么办理ETC卡
777,怎么办理ETC卡
778,办理建行信用卡需要什么手续？
779,办理建行信用卡需要什么手续？
780,怎么办理ETC卡
781,信用卡申办条件
782,你们银行办信用卡有什么条件
783,我可以办信用卡吗
784,信用卡到期了要重新申请吗
785,透支卡我可以办吗
786,都有什么密码需要设置？
787,你们银行办信用卡有什么条件
788,申请办理信用卡的基本准入条件是什么
789,我可以办信用卡吗
790,透支卡我可以办吗
791,透支卡国外取款手续费怎么收
792,办信用卡有什么要求
793,我想问一下，我办的卡怎么没有短信通知？
794,请问办理信用卡有要求吗
795,申请办理信用卡的基本准入条件是什么
796,开一般户条件
797,都有什么密码需要设置？
798,申请办理信用卡的基本准入条件是什么
799,你们银行办信用卡有什么条件
800,都有什么密码需要设置？
801,申请办理信用卡的基本准入条件是什么
802,申请办理信用卡的基本准入条件是什么
803,公司帐户怎么开
804,开基本户条件
805,开公司户要什么资料
806,开一般户条件
807,退休人员提取公积金需要什么材料？
808,储蓄账户开户手续费
809,开一般户条件
810,开一般户条件
811,你们银行办信用卡有什么条件
812,开基本户条件
813,外国人用什么证件开户
814,公司开户有什么要求
815,对公户怎么办理
816,对公户怎么办理
817,临时身份证可以开户吗
818,开户要带什么资料
819,开张交学费的卡
820,公司帐户怎么开
821,开银行卡要收费吗
822,未成年人开户
823,外国人用什么证件开户
824,我要办业务
825,外籍人士开储蓄卡
826,用护照可以开户吗
827,身份证消磁了可以开户吗
828,澳门居民可以开户吗
829,澳门居民可以开户吗
830,外国人用什么证件开户
831,身份证消磁了可以开户吗
832,临时身份证可以开银行卡吗
833,身份证消磁了可以开户吗
834,我的身份证读不到了，可以开户吗
835,临时身份证可以开银行卡吗
836,临时身份证可以开银行卡吗
837,临时身份证可以开银行卡吗
838,临时身份证可以开银行卡吗
839,身份证异常开户
840,怎么我的手机银行只能转5000元呢
841,我的手机怎么只能转5000元
842,怎么我的手机银行只能转5000元呢
843,怎么我的手机银行只能转5000元呢
844,换了号码手机银行转不了
845,换了手机，现在手机转账只能转5000
846,换了手机，现在手机转账只能转5000
847,怎么我的手机银行只能转5000元呢
848,怎么我的手机银行只能转5000元呢
849,我的手机怎么只能转5000元
850,怎么我的手机银行只能转5000元呢
851,怎么我的手机银行只能转5000元呢
852,我的手机怎么只能转5000元
853,怎么我的手机银行只能转5000元呢
854,怎么我的手机银行只能转5000元呢
855,怎么我的手机银行只能转5000元呢
856,我的手机怎么只能转5000元
857,手机银行能转多少
858,我的手机怎么只能转5000元
859,手机一天能转多少钱
860,手机银行转账限额
861,你们的手机银行额度怎么这么少，只能转5000元
862,用手机银行转帐一笔最多可以转多少
863,用手机银行转帐一笔最多可以转多少
864,手机一天能转多少钱
865,手机银行转账有限额吗
866,手机银行转账有限额吗
867,请问办理信用卡有要求吗
868,手机银行转账有限额吗
869,手机一天能转多少钱
870,手机银行转账有限额吗
871,手机银行转账有限额吗
872,手机银行转账有限额吗
873,手机银行转账有限额吗
874,手机银行转账有限额吗
875,用手机银行转帐一笔最多可以转多少
876,手机转帐，最多可以转多少
877,手机一天能转多少钱
878,手机转帐，最多可以转多少
879,手机一天能转多少钱
880,手机银行转账有限额吗
881,用手机银行转帐一笔最多可以转多少
882,手机银行转账到账时间
883,手机银行转账限额
884,手机一天能转多少钱
885,手机银行转账到账时间
886,手机银行汇款多久到帐
887,手机银行转账到账时间
888,手机银行转账到账时间
889,手机转帐多久可以收到
890,用手机转帐要多长时间收到
891,手机银行汇款多久到帐
892,手机银行转账到账时间
893,手机银行转账到账时间
894,手机银行转账到账时间
895,手机银行转账不成功
896,信用卡地址不对收不到对帐单
897,用手机银行汇款有要求吗
898,办信用卡要多久
899,手机银行转账到账时间
900,手机银行汇款多久到帐
901,手机银行汇款多久到帐
902,手机银行转账到账时间
903,手机银行转账到账时间
904,手机怎么转不了帐
905,手机怎么转不了帐
906,换了号码手机银行转不了
907,手机银行转账到账时间
908,我有开通手机银行，怎么用不了呢
909,手机银行转账不成功
910,什么是银行回单
911,手机银行怎么上不去了
912,我有开通手机银行，怎么用不了呢
913,为什么我的手机银行用不了啊
914,手机银行无法正常使用
915,为什么我的手机银行用不了啊
916,手机银行登录不上了
917,手机银行怎么上不去了
918,手机银行怎么上不去了
919,为什么我的手机银行用不了啊
920,为什么我的手机银行用不了啊
921,我开的卡怎么用不了微信
922,中国建设银行微信公众号
923,我开的卡怎么用不了微信
924,微信上怎么用不了
925,我在网上买东西手机号码不对
926,我在网上买东西手机号码不对
927,我在网上买东西手机号码不对
928,网上购物收不到验证码
929,我的银行卡微信绑不了
930,我的银行卡微信绑不了
931,银行卡绑微信手机号码不对
932,银行卡绑微信手机号码不对
933,我在网上买东西手机号码不对
934,我在网上买东西手机号码不对
935,我的手机怎么在支付宝用不了
936,网上购物收不到验证码
937,手机银行怎么上不去了
938,我开通云闪付收不到验证码
939,短信无法正常使用
940,短信无法正常使用
941,短信无法正常使用
942,为什么我的银行卡短信通知没有了
943,我有张储蓄卡 以前有短信提醒账户金额变动 现在没了怎么回事？
944,为什么我的银行卡短信通知没有了
945,我办理过短信通业务，为什么账户余额变化不给短信通知了？
946,为什么我的手机银行用不了啊
947,我怎么收不到短信了
948,为什么我的手机银行用不了啊
949,以前存取钱会有短信提示。现在收不到了
950,以前存取钱会有短信提示。现在收不到了
951,我的短信服务为什么给停了，我又不欠费
952,"为什么我办理了手机短信服务，把钱打到卡里了,手机没收到短信提醒呢?"
953,我上个月还可以收到短信，怎么这个月就没了？
954,为什么我的银行卡短信通知没有了
955,为什么我刷卡了没短信通知我！
956,我有张储蓄卡 以前有短信提醒账户金额变动 现在没了怎么回事？
957,为什么我的银行卡短信通知没有了
958,我想问一下，我办的卡怎么没有短信通知？
959,为什么开通了手机短信通知，存取钱也没有短信提示
960,在自动提款机上取了钱，为什么没有短信提示，短信提示是开通的
961,我的ETC卡收费有没有短信通知
962,我开通了短信提醒业务。为什么帐号上做了汇款业务没有短信提醒我?
963,我有开通短信通知但没有
964,我以前开通的短信，没有余额显示
965,"为什么我办理了手机短信服务，把钱打到卡里了,手机没收到短信提醒呢?"
966,我工资卡开通短信通知，但工资上卡不显示短信
967,我开通了短信通知，卡内余额变动时收不到短信通知
968,为什么开通了手机短信通知，存取钱也没有短信提示
969,为什么我的金额进出短信提示没有了
970,我开通了短信提醒业务。为什么帐号上做了汇款业务没有短信提醒我?
971,在网上交易后怎么没有短信发过来
972,为什么我的金额进出短信提示没有了
973,为什么开通了手机短信通知，存取钱也没有短信提示
974,"为什么我办理了手机短信服务，把钱打到卡里了,手机没收到短信提醒呢?"
975,我开通了短信银行咋不给我发短信
976,我收不到账户变更提醒短信
977,为什么我的银行卡短信通知没有了
978,短信通知余额提醒
979,我怎么收不到短信了
980,我开通了短信提醒业务。为什么帐号上做了汇款业务没有短信提醒我?
981,"为什么我办理了手机短信服务，把钱打到卡里了,手机没收到短信提醒呢?"
982,"为什么我办理了手机短信服务，把钱打到卡里了,手机没收到短信提醒呢?"
983,为什么我的银行卡短信通知没有了
984,我想问一下，我办的卡怎么没有短信通知？
985,为什么我的短信不显示账户余额
986,在自动提款机上取了钱，为什么没有短信提示，短信提示是开通的
987,短信通知余额提醒
988,我工资卡开通短信通知，但工资上卡不显示短信
989,为什么我刷卡了没短信通知我！
990,我工资卡开通短信通知，但工资上卡不显示短信
991,我开通了短信提醒业务。为什么帐号上做了汇款业务没有短信提醒我?
992,为什么我的银行卡短信通知没有了
993,我开通了短信提醒业务。为什么帐号上做了汇款业务没有短信提醒我?
994,理财产品要做多长时间
995,我做的理财如果急需用钱可以取吗
996,理财产品到期怎么取
997,你们的理财产品要可不可以提前取
998,理财产品到期是自动返还吗
999,理财产品到期是自动返还吗
1000,理财产品到期是自动返还吗
1001,理财产品要做多长时间
1002,理财产品要做多长时间
1003,理财产品投资期限多长
1004,理财产品投资期限
1005,理财产品到期是自动返还吗
1006,理财产品要做多长时间
1007,理财产品要做多长时间
1008,理财产品到期后怎么返还
1009,手机转帐什么时候可以到帐
1010,快贷网上订单退款什么时候到账
1011,你们的理财有多少时间的
1012,我购买的理财产品到期后怎么入账
1013,理财产品到期怎么取
1014,我购买的理财产品到期后怎么入账
1015,理财产品到期后怎么返还
1016,理财产品到期怎么取
1017,我购买的理财产品到期后怎么入账
1018,理财产品到期怎么取
1019,快贷网上订单退款什么时候到账
1020,多少钱可以存大额存单
1021,多少钱可以存大额存单
1022,我有张外地卡在你们这里存钱收费吗
1023,多少钱可以存大额存单
1024,多少钱可以存大额存单
1025,多少钱可以存大额存单
1026,多少钱可以存大额存单
1027,多少钱可以存大额存单
1028,粤通借记卡充值
1029,粤通卡借记卡如何充值
1030,我的粤通卡存了钱怎么上高速用不了
1031,粤通卡在哪里可以充值
1032,粤通借记卡充值
1033,在你们行办的ETC卡，在哪里可以充值
1034,粤通卡借记卡如何充值
1035,粤通卡充值点介绍
1036,粤通借记卡充值
1037,微信上怎么用不了
1038,高速卡充值
1039,高速卡充值
1040,ETC卡费用完了
1041,车上ETC卡要怎么充值
1042,ETC卡费用完了
1043,车上ETC卡要怎么充值
1044,高速卡充值
1045,车上ETC卡要怎么充值
1046,高速卡充值
1047,粤通卡过高速没有短信提醒
1048,粤通卡过高速没有短信提醒
1049,粤通卡高速通行费有没有信息
1050,粤通卡过高速没有短信提醒
1051,TEC卡缴费短信通知
1052,粤通信用卡扣款短信通知
1053,我开通了短信提醒业务。为什么帐号上做了汇款业务没有短信提醒我?
1054,粤通卡高速通行费有没有信息
1055,粤通卡里的钱用完了，怎么充值
1056,怎么办理粤通卡
1057,金管家都有哪些功能
1058,粤通卡可以在柜员机转账吗
1059,粤通卡可以在柜员机转账吗
1060,怎么办理ETC卡
1061,用手机转帐要多长时间收到
1062,粤通卡在高速缴费什么时间还款
1063,办信用卡要多久
1064,粤通卡过高速没有短信提醒
1065,办信用卡要多久
1066,信用卡什么时候还款
1067,办信用卡要多久
1068,到期还款日是哪一天
1069,信用卡透支后，怎么还款
1070,信用卡年费是多少？
1071,怎么计算我的还款日
1072,怎么计算我的还款日
1073,信用卡还款日怎么算
1074,到期还款日是哪一天
1075,到期还款日是哪一天
1076,信用卡还款日怎么算
1077,查询信用卡还款日
1078,怎么计算我的还款日
1079,我的信用卡消费了，怎么来还款
1080,怎么计算我的还款日
1081,信用卡透支后，怎么还款
1082,信用卡透支后，怎么还款
1083,信用卡透支后，怎么还款
1084,信用卡还款渠道
1085,信用卡还款渠道
1086,建行贵宾卡有哪几种类
1087,信用卡在哪里激活
1088,信用卡激活
1089,信用卡在哪里激活
1090,我的信用卡怎么激活
1091,新收到的信用卡怎么设置密码
1092,新收到的信用卡怎么设置密码
1093,信用卡到期换卡密码是一样的吗
1094,信用卡收到了怎么用呢
1095,我的信用卡怎么激活
1096,为什么我的金额进出短信提示没有了
1097,改信用卡密码
1098,改信用卡密码
1099,我在建行能买天然气吗？
1100,信用卡激活
1101,办信用卡要多久
1102,信用卡地址变更
1103,信用卡到期了要重新申请吗
1104,信用卡资料修改
1105,信用卡联系地址更新
1106,信用卡地址不对收不到对帐单
1107,用信用卡刷卡要不要收续费
1108,信用卡资料修改
1109,更改预留手机号
1110,改信用卡密码
1111,我的信用卡要换手机号码
1112,到期的信用卡还可以用吗
1113,我绑定的银行卡有资金出入时，手机为何收不到短信
1114,粤通卡要怎么办啊
1115,我办的信用卡什么时候能拿到
1116,信用卡联系电话要改
1117,更改预留手机号
1118,我的信用卡密码忘记了
1119,重置信用卡密码
1120,信用卡密码输错3次，被锁了
1121,信用卡密码输错3次，被锁了
1122,信用卡密码输错3次，被锁了
1123,信用卡到期换卡密码是一样的吗
1124,改信用卡密码
1125,我的信用卡密码忘记了
1126,我的信用卡密码忘记了
1127,新收到的信用卡怎么设置密码
1128,新收到的信用卡怎么设置密码
1129,信用卡到期后又寄了张新卡密码要重新设吗
1130,新收到的信用卡怎么设置密码
1131,信用卡到期后又寄了张新卡密码要重新设吗
1132,信用卡到期又重新寄了张，密码是多少
1133,到期的信用卡还可以用吗
1134,我在建行能买天然气吗？
1135,信用卡到期又重新寄了张，密码是多少
1136,信用卡到期换卡 
1137,信用卡到期了要重新申请吗
1138,办信用卡要多久
1139,我的银行卡密码输错了怎么办
1140,我的天河城信用卡在国外刷卡怎么收费呢
1141,我的天河城信用卡在国外刷卡怎么收费呢
1142,信用卡被盗了怎么办
1143,我的手机银行交易怎么突然降到5000了
1144,手机银行怎么上不去了
1145,身份证丢了，怎么开户
1146,办信用卡要多久
1147,使用信用卡应该注意什么？
1148,我的短信业务怎么停了啊，我卡上还有费呀
1149,提高信用卡额度
1150,信用卡额度太少
1151,信用卡额度太少
1152,建行速通卡停止使用后，在状态恢复正常后多长时间可以正常使用？
1153,信用卡到期了要重新申请吗
1154,信用卡额度太少
1155,我的短信提醒怎么没有余额显示
1156,分期手续费
1157,分期手续费
1158,信用卡还款日怎么算
1159,信用卡帐单、现金分期手续费
1160,哪里可以交罚款
1161,您好，我有一笔交通罚款，怎么交？
1162,哪里可以交罚款
1163,您好，我有一笔交通罚款，怎么交？
1164,您好，我有一笔交通罚款，怎么交？
1165,缴纳交通违章费用
1166,哪里可以交罚款
1167,我的手机怎么在支付宝用不了
1168,开个发工资的卡，是怎么收费的
1169,粤通卡充值点介绍
1170,开一般户条件
1171,你们什么时候下班
1172,都有什么密码需要设置？
1173,你们什么时候下班
1174,在建行办理的ETC可以在全国高速路扣费使用么？
1175,中午可以办理业务吗
1176,中午可以办理业务吗
1177,手机转帐，最多可以转多少
1178,用手机APP转帐每天最多可以转多少
1179,我用建行卡在国外取钱有规定吗
1180,我的银行卡在国外的ATM上能查询到余额吗
1181,我在国外查余额怎么收费
1182,我的银行卡在国外的ATM上能查询到余额吗
1183,我在国外可以查询卡内余额吗
1184,我的银行卡在国外的ATM上能查询到余额吗
1185,我在国外可以查询卡内余额要收费吗
1186,我的银行卡密码用不了了
1187,单位结算卡在ATM转账时“凭证号码”怎么输入
1188,我在建行能买天然气吗？
1189,我的银行卡锁住了
1190,我的银行卡密码用不了了
1191,我的银行卡密码用不了了
1192,附近还有别的建行吗
1193,你们附近还有ATM机吗
1194,建行贵宾卡有哪几种类
1195,离你们这最近的建行在哪儿
1196,离你们这最近的建行在哪儿
1197,办信用卡要多久
1198,申请信用卡多久可以收到
1199,建行速通卡停止使用后，在状态恢复正常后多长时间可以正常使用？
1200,信用卡到期又重新寄了张，密码是多少
1201,我的银行卡密码输错了怎么办
1202,信用卡地址不对收不到对帐单
1203,建行速通卡停止使用后，在状态恢复正常后多长时间可以正常使用？
1204,办信用卡要多久
1205,申请信用卡多久可以收到
1206,我的信用卡怎么还没收到
1207,我的短信服务为什么给停了，我又不欠费
1208,怎么开通龙支付
1209,怎么开通龙支付
1210,储蓄卡取款收多少手续费
